[
    {
      "question": "What is 3 times 4?",
      "answer_options": ["12", "9", "15", "14"]
    },
    {
      "question": "Which of these is not a type of penguin?",
      "answer_options": ["Rigatoni", "Fairy", "Macaroni", "Adelie"]
    },
    {
      "question": "Which of these is not a species of rodent?",
      "answer_options": ["Rabbit", "Beaver", "Lemming", "Capybara"]
    },
    {
      "question": "In physics, which of these forces is real?",
      "answer_options": ["Centripetal", "Coriolis", "Centrifugal", "Euler"]
    },
    {
      "question": "What is the 8th digit of Pi?",
      "answer_options": ["6", "5", "2", "3"]
    }
]
